-- filepath: c:\Academics\project\DevTrails\supabase\migrations\seed_data.sql
-- =========================================
-- COMPREHENSIVE SEED DATA
-- Tables: delivery_zones, users, workers, admins, worker_vehicles, 
--         orders, worker_weekly_stats, demand_profiles, zone_risk_history,
--         disruption_events, disruptions, zone_status, disruption_impacts,
--         claims, claim_verifications, payouts, payout_queue,
--         wallet_transactions, worker_activity_logs, income_predictions,
--         worker_risk_scores, admin_actions, audit_logs
-- =========================================

-- =========================================
-- DELIVERY ZONES (10 zones across cities)
-- =========================================
INSERT INTO delivery_zones (id, name, city, risk_score) VALUES
('11111111-1111-1111-1111-111111111111', 'Koramangala', 'Bangalore', 0.25),
('22222222-2222-2222-2222-222222222222', 'Indiranagar', 'Bangalore', 0.15),
('33333333-3333-3333-3333-333333333333', 'Whitefield', 'Bangalore', 0.30),
('44444444-4444-4444-4444-444444444444', 'Andheri West', 'Mumbai', 0.40),
('55555555-5555-5555-5555-555555555555', 'Bandra', 'Mumbai', 0.20),
('66666666-6666-6666-6666-666666666666', 'Connaught Place', 'Delhi', 0.35),
('77777777-7777-7777-7777-777777777777', 'Dwarka', 'Delhi', 0.28),
('88888888-8888-8888-8888-888888888888', 'Park Street', 'Kolkata', 0.32),
('99999999-9999-9999-9999-999999999999', 'Salt Lake', 'Kolkata', 0.22),
('aaaaaaaa-aaaa-aaaa-aaaa-aaaaaaaaaaaa', 'Banjara Hills', 'Hyderabad', 0.18)
ON CONFLICT (id) DO NOTHING;

-- =========================================
-- USERS - 10 Admins (2 Control + 8 Zonal)
-- =========================================
INSERT INTO users (id, name, phone, role) VALUES
('a0000001-0000-0000-0000-000000000001', 'Sunil Mehra', '+919876543210', 'control_admin'),
('a0000002-0000-0000-0000-000000000002', 'Priya Kapoor', '+919876543211', 'control_admin'),
('a0000003-0000-0000-0000-000000000003', 'Rajiv Nair', '+919876543212', 'zonal_admin'),
('a0000004-0000-0000-0000-000000000004', 'Anjali Deshmukh', '+919876543213', 'zonal_admin'),
('a0000005-0000-0000-0000-000000000005', 'Karan Malhotra', '+919876543214', 'zonal_admin'),
('a0000006-0000-0000-0000-000000000006', 'Deepa Krishnan', '+919876543215', 'zonal_admin'),
('a0000007-0000-0000-0000-000000000007', 'Vikash Gupta', '+919876543216', 'zonal_admin'),
('a0000008-0000-0000-0000-000000000008', 'Meena Sharma', '+919876543217', 'zonal_admin'),
('a0000009-0000-0000-0000-000000000009', 'Arjun Reddy', '+919876543218', 'zonal_admin'),
('a0000010-0000-0000-0000-000000000010', 'Lakshmi Iyer', '+919876543219', 'zonal_admin')
ON CONFLICT (id) DO NOTHING;

-- =========================================
-- USERS - 30 Workers (reduced from 100 for manageability)
-- =========================================
INSERT INTO users (id, name, phone, role) VALUES
('b0000001-0000-0000-0000-000000000001', 'Rajesh Kumar', '+919000000001', 'worker'),
('b0000002-0000-0000-0000-000000000002', 'Amit Singh', '+919000000002', 'worker'),
('b0000003-0000-0000-0000-000000000003', 'Priya Sharma', '+919000000003', 'worker'),
('b0000004-0000-0000-0000-000000000004', 'Vikram Patel', '+919000000004', 'worker'),
('b0000005-0000-0000-0000-000000000005', 'Sunita Reddy', '+919000000005', 'worker'),
('b0000006-0000-0000-0000-000000000006', 'Mohammed Ali', '+919000000006', 'worker'),
('b0000007-0000-0000-0000-000000000007', 'Lakshmi Nair', '+919000000007', 'worker'),
('b0000008-0000-0000-0000-000000000008', 'Ravi Krishnan', '+919000000008', 'worker'),
('b0000009-0000-0000-0000-000000000009', 'Anjali Gupta', '+919000000009', 'worker'),
('b0000010-0000-0000-0000-000000000010', 'Suresh Yadav', '+919000000010', 'worker'),
('b0000011-0000-0000-0000-000000000011', 'Deepak Verma', '+919000000011', 'worker'),
('b0000012-0000-0000-0000-000000000012', 'Neha Joshi', '+919000000012', 'worker'),
('b0000013-0000-0000-0000-000000000013', 'Arjun Menon', '+919000000013', 'worker'),
('b0000014-0000-0000-0000-000000000014', 'Pooja Desai', '+919000000014', 'worker'),
('b0000015-0000-0000-0000-000000000015', 'Rahul Sharma', '+919000000015', 'worker'),
('b0000016-0000-0000-0000-000000000016', 'Kavita Singh', '+919000000016', 'worker'),
('b0000017-0000-0000-0000-000000000017', 'Manoj Kumar', '+919000000017', 'worker'),
('b0000018-0000-0000-0000-000000000018', 'Sanjay Patel', '+919000000018', 'worker'),
('b0000019-0000-0000-0000-000000000019', 'Rekha Agarwal', '+919000000019', 'worker'),
('b0000020-0000-0000-0000-000000000020', 'Anil Chopra', '+919000000020', 'worker'),
('b0000021-0000-0000-0000-000000000021', 'Meera Kapoor', '+919000000021', 'worker'),
('b0000022-0000-0000-0000-000000000022', 'Rohit Mehta', '+919000000022', 'worker'),
('b0000023-0000-0000-0000-000000000023', 'Geeta Iyer', '+919000000023', 'worker'),
('b0000024-0000-0000-0000-000000000024', 'Vinod Das', '+919000000024', 'worker'),
('b0000025-0000-0000-0000-000000000025', 'Seema Roy', '+919000000025', 'worker'),
('b0000026-0000-0000-0000-000000000026', 'Ashok Ghosh', '+919000000026', 'worker'),
('b0000027-0000-0000-0000-000000000027', 'Radha Banerjee', '+919000000027', 'worker'),
('b0000028-0000-0000-0000-000000000028', 'Ajay Mukherjee', '+919000000028', 'worker'),
('b0000029-0000-0000-0000-000000000029', 'Parvati Sen', '+919000000029', 'worker'),
('b0000030-0000-0000-0000-000000000030', 'Dinesh Rao', '+919000000030', 'worker')
ON CONFLICT (id) DO NOTHING;

-- =========================================
-- ADMINS - 2 Control Admins, 8 Zonal Admins
-- =========================================
INSERT INTO admins (id, user_id, role, assigned_zone_id, permissions) VALUES
('ad000001-0000-0000-0000-000000000001', 'a0000001-0000-0000-0000-000000000001', 'control_admin', NULL, '{"full_access": true, "can_approve_claims": true, "can_manage_zones": true}'),
('ad000002-0000-0000-0000-000000000002', 'a0000002-0000-0000-0000-000000000002', 'control_admin', NULL, '{"full_access": true, "can_approve_claims": true, "can_manage_zones": true}'),
('ad000003-0000-0000-0000-000000000003', 'a0000003-0000-0000-0000-000000000003', 'zonal_admin', '11111111-1111-1111-1111-111111111111', '{"zone_access": true, "can_approve_claims": true}'),
('ad000004-0000-0000-0000-000000000004', 'a0000004-0000-0000-0000-000000000004', 'zonal_admin', '22222222-2222-2222-2222-222222222222', '{"zone_access": true, "can_approve_claims": true}'),
('ad000005-0000-0000-0000-000000000005', 'a0000005-0000-0000-0000-000000000005', 'zonal_admin', '44444444-4444-4444-4444-444444444444', '{"zone_access": true, "can_approve_claims": true}'),
('ad000006-0000-0000-0000-000000000006', 'a0000006-0000-0000-0000-000000000006', 'zonal_admin', '55555555-5555-5555-5555-555555555555', '{"zone_access": true, "can_approve_claims": true}'),
('ad000007-0000-0000-0000-000000000007', 'a0000007-0000-0000-0000-000000000007', 'zonal_admin', '66666666-6666-6666-6666-666666666666', '{"zone_access": true, "can_approve_claims": true}'),
('ad000008-0000-0000-0000-000000000008', 'a0000008-0000-0000-0000-000000000008', 'zonal_admin', '77777777-7777-7777-7777-777777777777', '{"zone_access": true, "can_approve_claims": true}'),
('ad000009-0000-0000-0000-000000000009', 'a0000009-0000-0000-0000-000000000009', 'zonal_admin', '88888888-8888-8888-8888-888888888888', '{"zone_access": true, "can_approve_claims": true}'),
('ad000010-0000-0000-0000-000000000010', 'a0000010-0000-0000-0000-000000000010', 'zonal_admin', 'aaaaaaaa-aaaa-aaaa-aaaa-aaaaaaaaaaaa', '{"zone_access": true, "can_approve_claims": true}')
ON CONFLICT (id) DO NOTHING;

-- =========================================
-- WORKERS - 30 Workers distributed across zones
-- =========================================
INSERT INTO workers (id, user_id, name, platform, assigned_zone_id, current_lat, current_lng, is_logged_in, fraud_score) VALUES
-- Koramangala (Zone 1) - 3 workers
('w0000001-0000-0000-0000-000000000001', 'w0000001-0000-0000-0000-000000000001', 'Rajesh Kumar', 'blinkit', '11111111-1111-1111-1111-111111111111', 12.9352855, 77.6244834, TRUE, 0.15),
('w0000002-0000-0000-0000-000000000002', 'w0000002-0000-0000-0000-000000000002', 'Amit Singh', 'zepto', '11111111-1111-1111-1111-111111111111', 12.9341755, 77.6269834, FALSE, 0.10),
('w0000003-0000-0000-0000-000000000003', 'w0000003-0000-0000-0000-000000000003', 'Priya Sharma', 'instamart', '11111111-1111-1111-1111-111111111111', 12.9315855, 77.6294834, TRUE, 0.05),
-- Indiranagar (Zone 2) - 3 workers
('w0000004-0000-0000-0000-000000000004', 'w0000004-0000-0000-0000-000000000004', 'Vikram Patel', 'blinkit', '22222222-2222-2222-2222-222222222222', 12.9718915, 77.6411545, TRUE, 0.20),
('w0000005-0000-0000-0000-000000000005', 'w0000005-0000-0000-0000-000000000005', 'Sunita Reddy', 'zepto', '22222222-2222-2222-2222-222222222222', 12.9728915, 77.6421545, FALSE, 0.08),
('w0000006-0000-0000-0000-000000000006', 'w0000006-0000-0000-0000-000000000006', 'Mohammed Ali', 'instamart', '22222222-2222-2222-2222-222222222222', 12.9738915, 77.6431545, TRUE, 0.12),
-- Whitefield (Zone 3) - 3 workers
('w0000007-0000-0000-0000-000000000007', 'w0000007-0000-0000-0000-000000000007', 'Lakshmi Nair', 'blinkit', '33333333-3333-3333-3333-333333333333', 12.9698996, 77.7499721, TRUE, 0.18),
('w0000008-0000-0000-0000-000000000008', 'w0000008-0000-0000-0000-000000000008', 'Ravi Krishnan', 'zepto', '33333333-3333-3333-3333-333333333333', 12.9708996, 77.7509721, FALSE, 0.14),
('w0000009-0000-0000-0000-000000000009', 'w0000009-0000-0000-0000-000000000009', 'Anjali Gupta', 'instamart', '33333333-3333-3333-3333-333333333333', 12.9718996, 77.7519721, TRUE, 0.07),
-- Andheri West (Zone 4) - 3 workers
('w0000010-0000-0000-0000-000000000010', 'w0000010-0000-0000-0000-000000000010', 'Suresh Yadav', 'blinkit', '44444444-4444-4444-4444-444444444444', 19.1136053, 72.8697339, TRUE, 0.22),
('w0000011-0000-0000-0000-000000000011', 'w0000011-0000-0000-0000-000000000011', 'Deepak Verma', 'zepto', '44444444-4444-4444-4444-444444444444', 19.1146053, 72.8707339, TRUE, 0.11),
('w0000012-0000-0000-0000-000000000012', 'w0000012-0000-0000-0000-000000000012', 'Neha Joshi', 'instamart', '44444444-4444-4444-4444-444444444444', 19.1156053, 72.8717339, FALSE, 0.09),
-- Bandra (Zone 5) - 3 workers
('w0000013-0000-0000-0000-000000000013', 'w0000013-0000-0000-0000-000000000013', 'Arjun Menon', 'blinkit', '55555555-5555-5555-5555-555555555555', 19.0596, 72.8295, TRUE, 0.16),
('w0000014-0000-0000-0000-000000000014', 'w0000014-0000-0000-0000-000000000014', 'Pooja Desai', 'zepto', '55555555-5555-5555-5555-555555555555', 19.0606, 72.8305, TRUE, 0.13),
('w0000015-0000-0000-0000-000000000015', 'w0000015-0000-0000-0000-000000000015', 'Rahul Sharma', 'instamart', '55555555-5555-5555-5555-555555555555', 19.0616, 72.8315, FALSE, 0.19),
-- Connaught Place (Zone 6) - 3 workers
('w0000016-0000-0000-0000-000000000016', 'w0000016-0000-0000-0000-000000000016', 'Kavita Singh', 'blinkit', '66666666-6666-6666-6666-666666666666', 28.6289, 77.2065, TRUE, 0.10),
('w0000017-0000-0000-0000-000000000017', 'w0000017-0000-0000-0000-000000000017', 'Manoj Kumar', 'zepto', '66666666-6666-6666-6666-666666666666', 28.6299, 77.2075, TRUE, 0.21),
('w0000018-0000-0000-0000-000000000018', 'w0000018-0000-0000-0000-000000000018', 'Sanjay Patel', 'instamart', '66666666-6666-6666-6666-666666666666', 28.6309, 77.2085, FALSE, 0.17),
-- Dwarka (Zone 7) - 3 workers
('w0000019-0000-0000-0000-000000000019', 'w0000019-0000-0000-0000-000000000019', 'Rekha Agarwal', 'blinkit', '77777777-7777-7777-7777-777777777777', 28.5921, 77.0460, TRUE, 0.08),
('w0000020-0000-0000-0000-000000000020', 'w0000020-0000-0000-0000-000000000020', 'Anil Chopra', 'zepto', '77777777-7777-7777-7777-777777777777', 28.5931, 77.0470, TRUE, 0.14),
('w0000021-0000-0000-0000-000000000021', 'w0000021-0000-0000-0000-000000000021', 'Meera Kapoor', 'instamart', '77777777-7777-7777-7777-777777777777', 28.5941, 77.0480, FALSE, 0.12),
-- Park Street (Zone 8) - 3 workers
('w0000022-0000-0000-0000-000000000022', 'w0000022-0000-0000-0000-000000000022', 'Rohit Mehta', 'blinkit', '88888888-8888-8888-8888-888888888888', 22.5726, 88.3639, TRUE, 0.20),
('w0000023-0000-0000-0000-000000000023', 'w0000023-0000-0000-0000-000000000023', 'Geeta Iyer', 'zepto', '88888888-8888-8888-8888-888888888888', 22.5736, 88.3649, TRUE, 0.09),
('w0000024-0000-0000-0000-000000000024', 'w0000024-0000-0000-0000-000000000024', 'Vinod Das', 'instamart', '88888888-8888-8888-8888-888888888888', 22.5746, 88.3659, FALSE, 0.15),
-- Salt Lake (Zone 9) - 3 workers
('w0000025-0000-0000-0000-000000000025', 'w0000025-0000-0000-0000-000000000025', 'Seema Roy', 'blinkit', '99999999-9999-9999-9999-999999999999', 22.5804, 88.4328, TRUE, 0.11),
('w0000026-0000-0000-0000-000000000026', 'w0000026-0000-0000-0000-000000000026', 'Ashok Ghosh', 'zepto', '99999999-9999-9999-9999-999999999999', 22.5814, 88.4338, TRUE, 0.18),
('w0000027-0000-0000-0000-000000000027', 'w0000027-0000-0000-0000-000000000027', 'Radha Banerjee', 'instamart', '99999999-9999-9999-9999-999999999999', 22.5824, 88.4348, FALSE, 0.13),
-- Banjara Hills (Zone 10) - 3 workers
('w0000028-0000-0000-0000-000000000028', 'w0000028-0000-0000-0000-000000000028', 'Ajay Mukherjee', 'blinkit', 'aaaaaaaa-aaaa-aaaa-aaaa-aaaaaaaaaaaa', 17.4126, 78.4782, TRUE, 0.16),
('w0000029-0000-0000-0000-000000000029', 'w0000029-0000-0000-0000-000000000029', 'Parvati Sen', 'zepto', 'aaaaaaaa-aaaa-aaaa-aaaa-aaaaaaaaaaaa', 17.4136, 78.4792, TRUE, 0.10),
('w0000030-0000-0000-0000-000000000030', 'w0000030-0000-0000-0000-000000000030', 'Dinesh Rao', 'instamart', 'aaaaaaaa-aaaa-aaaa-aaaa-aaaaaaaaaaaa', 17.4146, 78.4802, FALSE, 0.14)
ON CONFLICT (id) DO NOTHING;

-- =========================================
-- WORKER VEHICLES - One per worker (30 workers)
-- =========================================
INSERT INTO worker_vehicles (id, worker_id, vehicle_type, registration_number, is_primary) VALUES
('veh00001-0000-0000-0000-000000000001', 'w0000001-0000-0000-0000-000000000001', 'bike', 'KA01AB1234', TRUE),
('veh00002-0000-0000-0000-000000000002', 'w0000002-0000-0000-0000-000000000002', 'scooter', 'KA01CD5678', TRUE),
('veh00003-0000-0000-0000-000000000003', 'w0000003-0000-0000-0000-000000000003', 'bicycle', 'KA01EF9012', TRUE),
('veh00004-0000-0000-0000-000000000004', 'w0000004-0000-0000-0000-000000000004', 'bike', 'KA02GH3456', TRUE),
('veh00005-0000-0000-0000-000000000005', 'w0000005-0000-0000-0000-000000000005', 'scooter', 'KA02IJ7890', TRUE),
('veh00006-0000-0000-0000-000000000006', 'w0000006-0000-0000-0000-000000000006', 'bicycle', 'KA02KL1234', TRUE),
('veh00007-0000-0000-0000-000000000007', 'w0000007-0000-0000-0000-000000000007', 'bike', 'KA03MN5678', TRUE),
('veh00008-0000-0000-0000-000000000008', 'w0000008-0000-0000-0000-000000000008', 'scooter', 'KA03OP9012', TRUE),
('veh00009-0000-0000-0000-000000000009', 'w0000009-0000-0000-0000-000000000009', 'bicycle', 'KA03QR3456', TRUE),
('veh00010-0000-0000-0000-000000000010', 'w0000010-0000-0000-0000-000000000010', 'bike', 'MH01ST7890', TRUE),
('veh00011-0000-0000-0000-000000000011', 'w0000011-0000-0000-0000-000000000011', 'scooter', 'MH01UV1234', TRUE),
('veh00012-0000-0000-0000-000000000012', 'w0000012-0000-0000-0000-000000000012', 'bicycle', 'MH01WX5678', TRUE),
('veh00013-0000-0000-0000-000000000013', 'w0000013-0000-0000-0000-000000000013', 'bike', 'MH02YZ9012', TRUE),
('veh00014-0000-0000-0000-000000000014', 'w0000014-0000-0000-0000-000000000014', 'scooter', 'MH02AB3456', TRUE),
('veh00015-0000-0000-0000-000000000015', 'w0000015-0000-0000-0000-000000000015', 'bicycle', 'MH02CD7890', TRUE),
('veh00016-0000-0000-0000-000000000016', 'w0000016-0000-0000-0000-000000000016', 'bike', 'DL01EF1234', TRUE),
('veh00017-0000-0000-0000-000000000017', 'w0000017-0000-0000-0000-000000000017', 'scooter', 'DL01GH5678', TRUE),
('veh00018-0000-0000-0000-000000000018', 'w0000018-0000-0000-0000-000000000018', 'bicycle', 'DL01IJ9012', TRUE),
('veh00019-0000-0000-0000-000000000019', 'w0000019-0000-0000-0000-000000000019', 'bike', 'DL02KL3456', TRUE),
('veh00020-0000-0000-0000-000000000020', 'w0000020-0000-0000-0000-000000000020', 'scooter', 'DL02MN7890', TRUE),
('veh00021-0000-0000-0000-000000000021', 'w0000021-0000-0000-0000-000000000021', 'bicycle', 'DL02OP1234', TRUE),
('veh00022-0000-0000-0000-000000000022', 'w0000022-0000-0000-0000-000000000022', 'bike', 'WB01QR5678', TRUE),
('veh00023-0000-0000-0000-000000000023', 'w0000023-0000-0000-0000-000000000023', 'scooter', 'WB01ST9012', TRUE),
('veh00024-0000-0000-0000-000000000024', 'w0000024-0000-0000-0000-000000000024', 'bicycle', 'WB01UV3456', TRUE),
('veh00025-0000-0000-0000-000000000025', 'w0000025-0000-0000-0000-000000000025', 'bike', 'WB02WX7890', TRUE),
('veh00026-0000-0000-0000-000000000026', 'w0000026-0000-0000-0000-000000000026', 'scooter', 'WB02YZ1234', TRUE),
('veh00027-0000-0000-0000-000000000027', 'w0000027-0000-0000-0000-000000000027', 'bicycle', 'WB02AB5678', TRUE),
('veh00028-0000-0000-0000-000000000028', 'w0000028-0000-0000-0000-000000000028', 'bike', 'TS01CD9012', TRUE),
('veh00029-0000-0000-0000-000000000029', 'w0000029-0000-0000-0000-000000000029', 'scooter', 'TS01EF3456', TRUE),
('veh00030-0000-0000-0000-000000000030', 'w0000030-0000-0000-0000-000000000030', 'bicycle', 'TS01GH7890', TRUE)
ON CONFLICT (id) DO NOTHING;

-- =========================================
-- ORDERS - Sample delivery orders
-- =========================================
INSERT INTO orders (id, worker_id, zone_id, timestamp, earnings, time_slot, day_of_week) VALUES
('ord00001-0000-0000-0000-000000000001', 'w0000001-0000-0000-0000-000000000001', '11111111-1111-1111-1111-111111111111', NOW() - INTERVAL '2 hours', 45.00, 'morning', 1),
('ord00002-0000-0000-0000-000000000002', 'w0000001-0000-0000-0000-000000000001', '11111111-1111-1111-1111-111111111111', NOW() - INTERVAL '3 hours', 52.00, 'morning', 1),
('ord00003-0000-0000-0000-000000000003', 'w0000002-0000-0000-0000-000000000002', '11111111-1111-1111-1111-111111111111', NOW() - INTERVAL '1 hour', 38.00, 'afternoon', 1),
('ord00004-0000-0000-0000-000000000004', 'w0000003-0000-0000-0000-000000000003', '11111111-1111-1111-1111-111111111111', NOW() - INTERVAL '4 hours', 65.00, 'morning', 1),
('ord00005-0000-0000-0000-000000000005', 'w0000004-0000-0000-0000-000000000004', '22222222-2222-2222-2222-222222222222', NOW() - INTERVAL '2 hours', 48.00, 'afternoon', 1),
('ord00006-0000-0000-0000-000000000006', 'w0000005-0000-0000-0000-000000000005', '22222222-2222-2222-2222-222222222222', NOW() - INTERVAL '5 hours', 55.00, 'morning', 1),
('ord00007-0000-0000-0000-000000000007', 'w0000010-0000-0000-0000-000000000010', '44444444-4444-4444-4444-444444444444', NOW() - INTERVAL '1 hour', 42.00, 'evening', 1),
('ord00008-0000-0000-0000-000000000008', 'w0000013-0000-0000-0000-000000000013', '55555555-5555-5555-5555-555555555555', NOW() - INTERVAL '3 hours', 58.00, 'afternoon', 1),
('ord00009-0000-0000-0000-000000000009', 'w0000016-0000-0000-0000-000000000016', '66666666-6666-6666-6666-666666666666', NOW() - INTERVAL '2 hours', 35.00, 'evening', 1),
('ord00010-0000-0000-0000-000000000010', 'w0000022-0000-0000-0000-000000000022', '88888888-8888-8888-8888-888888888888', NOW() - INTERVAL '4 hours', 62.00, 'morning', 1)
ON CONFLICT (id) DO NOTHING;

-- =========================================
-- WORKER WEEKLY STATS
-- =========================================
INSERT INTO worker_weekly_stats (id, worker_id, week_start_date, total_earnings, active_hours, total_deliveries) VALUES
('wws00001-0000-0000-0000-000000000001', 'w0000001-0000-0000-0000-000000000001', DATE_TRUNC('week', CURRENT_DATE), 4250.00, 32.5, 85),
('wws00002-0000-0000-0000-000000000002', 'w0000002-0000-0000-0000-000000000002', DATE_TRUNC('week', CURRENT_DATE), 3180.00, 28.0, 64),
('wws00003-0000-0000-0000-000000000003', 'w0000003-0000-0000-0000-000000000003', DATE_TRUNC('week', CURRENT_DATE), 5120.00, 38.5, 102),
('wws00004-0000-0000-0000-000000000004', 'w0000004-0000-0000-0000-000000000004', DATE_TRUNC('week', CURRENT_DATE), 4850.00, 35.0, 97),
('wws00005-0000-0000-0000-000000000005', 'w0000005-0000-0000-0000-000000000005', DATE_TRUNC('week', CURRENT_DATE), 2890.00, 22.0, 58),
('wws00006-0000-0000-0000-000000000006', 'w0000006-0000-0000-0000-000000000006', DATE_TRUNC('week', CURRENT_DATE), 3650.00, 30.0, 73),
('wws00007-0000-0000-0000-000000000007', 'w0000007-0000-0000-0000-000000000007', DATE_TRUNC('week', CURRENT_DATE), 4100.00, 33.0, 82),
('wws00008-0000-0000-0000-000000000008', 'w0000008-0000-0000-0000-000000000008', DATE_TRUNC('week', CURRENT_DATE), 2450.00, 18.5, 49),
('wws00009-0000-0000-0000-000000000009', 'w0000009-0000-0000-0000-000000000009', DATE_TRUNC('week', CURRENT_DATE), 5380.00, 42.0, 108),
('wws00010-0000-0000-0000-000000000010', 'w0000010-0000-0000-0000-000000000010', DATE_TRUNC('week', CURRENT_DATE), 3920.00, 29.5, 78),
('wws00011-0000-0000-0000-000000000011', 'w0000011-0000-0000-0000-000000000011', DATE_TRUNC('week', CURRENT_DATE), 4580.00, 36.0, 92),
('wws00012-0000-0000-0000-000000000012', 'w0000012-0000-0000-0000-000000000012', DATE_TRUNC('week', CURRENT_DATE), 3100.00, 24.0, 62),
('wws00013-0000-0000-0000-000000000013', 'w0000013-0000-0000-0000-000000000013', DATE_TRUNC('week', CURRENT_DATE), 4720.00, 37.0, 94),
('wws00014-0000-0000-0000-000000000014', 'w0000014-0000-0000-0000-000000000014', DATE_TRUNC('week', CURRENT_DATE), 2780.00, 21.0, 56),
('wws00015-0000-0000-0000-000000000015', 'w0000015-0000-0000-0000-000000000015', DATE_TRUNC('week', CURRENT_DATE), 5050.00, 39.5, 101)
ON CONFLICT (id) DO NOTHING;

-- =========================================
-- DEMAND PROFILES - By zone and time slot
-- =========================================
INSERT INTO demand_profiles (id, zone_id, time_slot, demand_score) VALUES
('dp000001-0000-0000-0000-000000000001', '11111111-1111-1111-1111-111111111111', 'morning', 75.50),
('dp000002-0000-0000-0000-000000000002', '11111111-1111-1111-1111-111111111111', 'afternoon', 85.20),
('dp000003-0000-0000-0000-000000000003', '11111111-1111-1111-1111-111111111111', 'evening', 92.80),
('dp000004-0000-0000-0000-000000000004', '22222222-2222-2222-2222-222222222222', 'morning', 68.30),
('dp000005-0000-0000-0000-000000000005', '22222222-2222-2222-2222-222222222222', 'afternoon', 78.90),
('dp000006-0000-0000-0000-000000000006', '22222222-2222-2222-2222-222222222222', 'evening', 88.40),
('dp000007-0000-0000-0000-000000000007', '44444444-4444-4444-4444-444444444444', 'morning', 82.10),
('dp000008-0000-0000-0000-000000000008', '44444444-4444-4444-4444-444444444444', 'afternoon', 90.50),
('dp000009-0000-0000-0000-000000000009', '44444444-4444-4444-4444-444444444444', 'evening', 95.20),
('dp000010-0000-0000-0000-000000000010', '55555555-5555-5555-5555-555555555555', 'morning', 72.40),
('dp000011-0000-0000-0000-000000000011', '55555555-5555-5555-5555-555555555555', 'afternoon', 81.80),
('dp000012-0000-0000-0000-000000000012', '55555555-5555-5555-5555-555555555555', 'evening', 89.60)
ON CONFLICT (id) DO NOTHING;

-- =========================================
-- ZONE RISK HISTORY
-- =========================================
INSERT INTO zone_risk_history (id, zone_id, risk_score, claim_count) VALUES
('zrh00001-0000-0000-0000-000000000001', '11111111-1111-1111-1111-111111111111', 0.22, 12),
('zrh00002-0000-0000-0000-000000000002', '11111111-1111-1111-1111-111111111111', 0.25, 15),
('zrh00003-0000-0000-0000-000000000003', '22222222-2222-2222-2222-222222222222', 0.12, 5),
('zrh00004-0000-0000-0000-000000000004', '22222222-2222-2222-2222-222222222222', 0.15, 8),
('zrh00005-0000-0000-0000-000000000005', '44444444-4444-4444-4444-444444444444', 0.38, 22),
('zrh00006-0000-0000-0000-000000000006', '44444444-4444-4444-4444-444444444444', 0.40, 25),
('zrh00007-0000-0000-0000-000000000007', '55555555-5555-5555-5555-555555555555', 0.18, 9),
('zrh00008-0000-0000-0000-000000000008', '66666666-6666-6666-6666-666666666666', 0.32, 18),
('zrh00009-0000-0000-0000-000000000009', '77777777-7777-7777-7777-777777777777', 0.26, 14),
('zrh00010-0000-0000-0000-000000000010', '88888888-8888-8888-8888-888888888888', 0.30, 16)
ON CONFLICT (id) DO NOTHING;

-- =========================================
-- DISRUPTION EVENTS - Raw weather/disruption data
-- =========================================
INSERT INTO disruption_events (id, zone_id, raw_type, raw_value, threshold_exceeded, recorded_at) VALUES
('de000001-0000-0000-0000-000000000001', '11111111-1111-1111-1111-111111111111', 'rainfall', 45.50, TRUE, NOW() - INTERVAL '2 hours'),
('de000002-0000-0000-0000-000000000002', '11111111-1111-1111-1111-111111111111', 'rainfall', 52.30, TRUE, NOW() - INTERVAL '1 hour'),
('de000003-0000-0000-0000-000000000003', '44444444-4444-4444-4444-444444444444', 'extreme_heat', 42.80, TRUE, NOW() - INTERVAL '3 hours'),
('de000004-0000-0000-0000-000000000004', '55555555-5555-5555-5555-555555555555', 'flood', 35.20, TRUE, NOW() - INTERVAL '6 hours'),
('de000005-0000-0000-0000-000000000005', '66666666-6666-6666-6666-666666666666', 'cold_fog', 28.50, TRUE, NOW() - INTERVAL '8 hours'),
('de000006-0000-0000-0000-000000000006', '22222222-2222-2222-2222-222222222222', 'rainfall', 38.90, FALSE, NOW() - INTERVAL '30 minutes'),
('de000007-0000-0000-0000-000000000007', '77777777-7777-7777-7777-777777777777', 'civil_unrest', 75.00, TRUE, NOW() - INTERVAL '4 hours'),
('de000008-0000-0000-0000-000000000008', '88888888-8888-8888-8888-888888888888', 'platform_outage', 100.00, TRUE, NOW() - INTERVAL '5 hours')
ON CONFLICT (id) DO NOTHING;

-- =========================================
-- DISRUPTIONS - Active and past disruptions
-- =========================================
INSERT INTO disruptions (id, zone_id, trigger_type, severity_level, start_time, end_time, duration_minutes, source) VALUES
('dis00001-0000-0000-0000-000000000001', '11111111-1111-1111-1111-111111111111', 'rainfall', 3, NOW() - INTERVAL '2 hours', NULL, NULL, 'weather_api'),
('dis00002-0000-0000-0000-000000000002', '44444444-4444-4444-4444-444444444444', 'extreme_heat', 2, NOW() - INTERVAL '5 hours', NOW() - INTERVAL '2 hours', 180, 'weather_api'),
('dis00003-0000-0000-0000-000000000003', '55555555-5555-5555-5555-555555555555', 'flood', 4, NOW() - INTERVAL '8 hours', NOW() - INTERVAL '4 hours', 240, 'weather_api'),
('dis00004-0000-0000-0000-000000000004', '66666666-6666-6666-6666-666666666666', 'cold_fog', 2, NOW() - INTERVAL '10 hours', NOW() - INTERVAL '7 hours', 180, 'weather_api'),
('dis00005-0000-0000-0000-000000000005', '77777777-7777-7777-7777-777777777777', 'civil_unrest', 3, NOW() - INTERVAL '6 hours', NOW() - INTERVAL '3 hours', 180, 'manual_report'),
('dis00006-0000-0000-0000-000000000006', '88888888-8888-8888-8888-888888888888', 'platform_outage', 2, NOW() - INTERVAL '7 hours', NOW() - INTERVAL '5 hours', 120, 'platform_api')
ON CONFLICT (id) DO NOTHING;

-- =========================================
-- ZONE STATUS - Current zone conditions
-- =========================================
INSERT INTO zone_status (id, zone_id, disruption_id, status, started_at, ended_at) VALUES
('zs000001-0000-0000-0000-000000000001', '11111111-1111-1111-1111-111111111111', 'dis00001-0000-0000-0000-000000000001', 'disrupted', NOW() - INTERVAL '2 hours', NULL),
('zs000002-0000-0000-0000-000000000002', '44444444-4444-4444-4444-444444444444', 'dis00002-0000-0000-0000-000000000002', 'recovered', NOW() - INTERVAL '5 hours', NOW() - INTERVAL '2 hours'),
('zs000003-0000-0000-0000-000000000003', '55555555-5555-5555-5555-555555555555', 'dis00003-0000-0000-0000-000000000003', 'recovered', NOW() - INTERVAL '8 hours', NOW() - INTERVAL '4 hours'),
('zs000004-0000-0000-0000-000000000004', '66666666-6666-6666-6666-666666666666', 'dis00004-0000-0000-0000-000000000004', 'recovered', NOW() - INTERVAL '10 hours', NOW() - INTERVAL '7 hours'),
('zs000005-0000-0000-0000-000000000005', '77777777-7777-7777-7777-777777777777', 'dis00005-0000-0000-0000-000000000005', 'recovered', NOW() - INTERVAL '6 hours', NOW() - INTERVAL '3 hours')
ON CONFLICT (id) DO NOTHING;

-- =========================================
-- DISRUPTION IMPACTS - Workers affected by disruptions
-- =========================================
INSERT INTO disruption_impacts (id, disruption_id, worker_id, was_active, eligible) VALUES
('di000001-0000-0000-0000-000000000001', 'dis00001-0000-0000-0000-000000000001', 'w0000001-0000-0000-0000-000000000001', TRUE, TRUE),
('di000002-0000-0000-0000-000000000002', 'dis00001-0000-0000-0000-000000000001', 'w0000002-0000-0000-0000-000000000002', FALSE, FALSE),
('di000003-0000-0000-0000-000000000003', 'dis00001-0000-0000-0000-000000000001', 'w0000003-0000-0000-0000-000000000003', TRUE, TRUE),
('di000004-0000-0000-0000-000000000004', 'dis00002-0000-0000-0000-000000000002', 'w0000010-0000-0000-0000-000000000010', TRUE, TRUE),
('di000005-0000-0000-0000-000000000005', 'dis00002-0000-0000-0000-000000000002', 'w0000011-0000-0000-0000-000000000011', TRUE, TRUE),
('di000006-0000-0000-0000-000000000006', 'dis00003-0000-0000-0000-000000000003', 'w0000013-0000-0000-0000-000000000013', TRUE, TRUE),
('di000007-0000-0000-0000-000000000007', 'dis00003-0000-0000-0000-000000000003', 'w0000014-0000-0000-0000-000000000014', TRUE, TRUE),
('di000008-0000-0000-0000-000000000008', 'dis00004-0000-0000-0000-000000000004', 'w0000016-0000-0000-0000-000000000016', TRUE, TRUE),
('di000009-0000-0000-0000-000000000009', 'dis00005-0000-0000-0000-000000000005', 'w0000019-0000-0000-0000-000000000019', TRUE, TRUE),
('di000010-0000-0000-0000-000000000010', 'dis00006-0000-0000-0000-000000000006', 'w0000022-0000-0000-0000-000000000022', TRUE, TRUE)
ON CONFLICT (id) DO NOTHING;

-- =========================================
-- CLAIMS - Mix of statuses
-- =========================================
INSERT INTO claims (id, worker_id, disruption_id, claim_type, status, claim_time, start_time, end_time, orders_before, orders_during, claim_hour, fraud_score, reason, amount, payment_status, paid_at) VALUES
-- Approved claims
('clm00001-0000-0000-0000-000000000001', 'w0000001-0000-0000-0000-000000000001', 'dis00001-0000-0000-0000-000000000001', 'auto', 'approved', NOW() - INTERVAL '1 hour', NOW() - INTERVAL '2 hours', NOW() - INTERVAL '1 hour', 5, 0, 14, 0.12, 'Heavy rainfall disrupted deliveries', 150.00, 'success', NOW() - INTERVAL '30 minutes'),
('clm00002-0000-0000-0000-000000000002', 'w0000010-0000-0000-0000-000000000010', 'dis00002-0000-0000-0000-000000000002', 'auto', 'approved', NOW() - INTERVAL '3 hours', NOW() - INTERVAL '5 hours', NOW() - INTERVAL '2 hours', 8, 1, 12, 0.08, 'Extreme heat conditions', 225.00, 'success', NOW() - INTERVAL '2 hours'),
('clm00003-0000-0000-0000-000000000003', 'w0000013-0000-0000-0000-000000000013', 'dis00003-0000-0000-0000-000000000003', 'manual', 'approved', NOW() - INTERVAL '5 hours', NOW() - INTERVAL '8 hours', NOW() - INTERVAL '4 hours', 12, 2, 10, 0.15, 'Urban flooding in Bandra area', 300.00, 'pending', NULL),
('clm00004-0000-0000-0000-000000000004', 'w0000019-0000-0000-0000-000000000019', 'dis00005-0000-0000-0000-000000000005', 'auto', 'approved', NOW() - INTERVAL '4 hours', NOW() - INTERVAL '6 hours', NOW() - INTERVAL '3 hours', 6, 0, 11, 0.05, 'Civil unrest in Dwarka', 225.00, 'success', NOW() - INTERVAL '3 hours'),
-- Rejected claims
('clm00005-0000-0000-0000-000000000005', 'w0000003-0000-0000-0000-000000000003', 'dis00001-0000-0000-0000-000000000001', 'manual', 'rejected', NOW() - INTERVAL '1 hour', NOW() - INTERVAL '2 hours', NOW() - INTERVAL '1 hour', 2, 3, 15, 0.45, 'Worker was active during claimed disruption period', 0.00, NULL, NULL),
('clm00006-0000-0000-0000-000000000006', 'w0000011-0000-0000-0000-000000000011', 'dis00002-0000-0000-0000-000000000002', 'manual', 'rejected', NOW() - INTERVAL '4 hours', NOW() - INTERVAL '5 hours', NOW() - INTERVAL '3 hours', 3, 5, 13, 0.52, 'GPS data inconsistent with zone', 0.00, NULL, NULL),
-- Pending claims (recent)
('clm00007-0000-0000-0000-000000000007', 'w0000003-0000-0000-0000-000000000003', 'dis00001-0000-0000-0000-000000000001', 'auto', 'approved', NOW() - INTERVAL '30 minutes', NOW() - INTERVAL '2 hours', NOW(), 4, 0, 14, 0.10, 'Ongoing rainfall disruption', 75.00, 'pending', NULL),
('clm00008-0000-0000-0000-000000000008', 'w0000016-0000-0000-0000-000000000016', 'dis00004-0000-0000-0000-000000000004', 'auto', 'approved', NOW() - INTERVAL '8 hours', NOW() - INTERVAL '10 hours', NOW() - INTERVAL '7 hours', 7, 1, 9, 0.11, 'Dense fog conditions', 225.00, 'success', NOW() - INTERVAL '6 hours'),
('clm00009-0000-0000-0000-000000000009', 'w0000022-0000-0000-0000-000000000022', 'dis00006-0000-0000-0000-000000000006', 'auto', 'approved', NOW() - INTERVAL '6 hours', NOW() - INTERVAL '7 hours', NOW() - INTERVAL '5 hours', 9, 0, 11, 0.07, 'Platform outage affected deliveries', 150.00, 'success', NOW() - INTERVAL '5 hours')
ON CONFLICT (id) DO NOTHING;

-- =========================================
-- CLAIM VERIFICATIONS
-- =========================================
INSERT INTO claim_verifications (id, claim_id, gps_valid, platform_session_valid, ml_anomaly_score, device_integrity_valid, movement_pattern_valid) VALUES
('cv000001-0000-0000-0000-000000000001', 'clm00001-0000-0000-0000-000000000001', TRUE, TRUE, 0.12, TRUE, TRUE),
('cv000002-0000-0000-0000-000000000002', 'clm00002-0000-0000-0000-000000000002', TRUE, TRUE, 0.08, TRUE, TRUE),
('cv000003-0000-0000-0000-000000000003', 'clm00003-0000-0000-0000-000000000003', TRUE, TRUE, 0.15, TRUE, TRUE),
('cv000004-0000-0000-0000-000000000004', 'clm00004-0000-0000-0000-000000000004', TRUE, TRUE, 0.05, TRUE, TRUE),
('cv000005-0000-0000-0000-000000000005', 'clm00005-0000-0000-0000-000000000005', TRUE, FALSE, 0.45, TRUE, FALSE),
('cv000006-0000-0000-0000-000000000006', 'clm00006-0000-0000-0000-000000000006', FALSE, TRUE, 0.52, TRUE, FALSE),
('cv000007-0000-0000-0000-000000000007', 'clm00007-0000-0000-0000-000000000007', TRUE, TRUE, 0.10, TRUE, TRUE),
('cv000008-0000-0000-0000-000000000008', 'clm00008-0000-0000-0000-000000000008', TRUE, TRUE, 0.11, TRUE, TRUE),
('cv000009-0000-0000-0000-000000000009', 'clm00009-0000-0000-0000-000000000009', TRUE, TRUE, 0.07, TRUE, TRUE)
ON CONFLICT (id) DO NOTHING;

-- =========================================
-- PAYOUTS
-- =========================================
INSERT INTO payouts (id, worker_id, claim_id, amount, status, completed_at) VALUES
('pay00001-0000-0000-0000-000000000001', 'w0000001-0000-0000-0000-000000000001', 'clm00001-0000-0000-0000-000000000001', 150.00, 'completed', NOW() - INTERVAL '30 minutes'),
('pay00002-0000-0000-0000-000000000002', 'w0000010-0000-0000-0000-000000000010', 'clm00002-0000-0000-0000-000000000002', 225.00, 'completed', NOW() - INTERVAL '2 hours'),
('pay00003-0000-0000-0000-000000000003', 'w0000013-0000-0000-0000-000000000013', 'clm00003-0000-0000-0000-000000000003', 300.00, 'processing', NULL),
('pay00004-0000-0000-0000-000000000004', 'w0000019-0000-0000-0000-000000000019', 'clm00004-0000-0000-0000-000000000004', 225.00, 'completed', NOW() - INTERVAL '3 hours'),
('pay00005-0000-0000-0000-000000000005', 'w0000003-0000-0000-0000-000000000003', 'clm00007-0000-0000-0000-000000000007', 75.00, 'processing', NULL),
('pay00006-0000-0000-0000-000000000006', 'w0000016-0000-0000-0000-000000000016', 'clm00008-0000-0000-0000-000000000008', 225.00, 'completed', NOW() - INTERVAL '6 hours'),
('pay00007-0000-0000-0000-000000000007', 'w0000022-0000-0000-0000-000000000022', 'clm00009-0000-0000-0000-000000000009', 150.00, 'completed', NOW() - INTERVAL '5 hours')
ON CONFLICT (id) DO NOTHING;

-- =========================================
-- PAYOUT QUEUE
-- =========================================
INSERT INTO payout_queue (id, claim_id, priority, status) VALUES
('pq000001-0000-0000-0000-000000000001', 'clm00003-0000-0000-0000-000000000003', 1, 'pending'),
('pq000002-0000-0000-0000-000000000002', 'clm00007-0000-0000-0000-000000000007', 2, 'pending')
ON CONFLICT (id) DO NOTHING;

-- =========================================
-- WALLET TRANSACTIONS
-- =========================================
INSERT INTO wallet_transactions (id, worker_id, amount, balance_after, transaction_type) VALUES
('wt000001-0000-0000-0000-000000000001', 'w0000001-0000-0000-0000-000000000001', 150.00, 1250.00, 'claim_payout'),
('wt000002-0000-0000-0000-000000000002', 'w0000001-0000-0000-0000-000000000001', -500.00, 750.00, 'withdrawal'),
('wt000003-0000-0000-0000-000000000003', 'w0000010-0000-0000-0000-000000000010', 225.00, 890.00, 'claim_payout'),
('wt000004-0000-0000-0000-000000000004', 'w0000013-0000-0000-0000-000000000013', 300.00, 1540.00, 'claim_payout'),
('wt000005-0000-0000-0000-000000000005', 'w0000019-0000-0000-0000-000000000019', 225.00, 680.00, 'claim_payout'),
('wt000006-0000-0000-0000-000000000006', 'w0000016-0000-0000-0000-000000000016', 225.00, 1120.00, 'claim_payout'),
('wt000007-0000-0000-0000-000000000007', 'w0000022-0000-0000-0000-000000000022', 150.00, 950.00, 'claim_payout'),
('wt000008-0000-0000-0000-000000000008', 'w0000003-0000-0000-0000-000000000003', 75.00, 425.00, 'claim_payout'),
('wt000009-0000-0000-0000-000000000009', 'w0000004-0000-0000-0000-000000000004', 100.00, 620.00, 'bonus'),
('wt000010-0000-0000-0000-000000000010', 'w0000007-0000-0000-0000-000000000007', -300.00, 380.00, 'withdrawal')
ON CONFLICT (id) DO NOTHING;

-- =========================================
-- WORKER ACTIVITY LOGS
-- =========================================
INSERT INTO worker_activity_logs (id, worker_id, is_active, recorded_at) VALUES
('wal00001-0000-0000-0000-000000000001', 'w0000001-0000-0000-0000-000000000001', TRUE, NOW() - INTERVAL '10 minutes'),
('wal00002-0000-0000-0000-000000000002', 'w0000001-0000-0000-0000-000000000001', TRUE, NOW() - INTERVAL '1 hour'),
('wal00003-0000-0000-0000-000000000003', 'w0000002-0000-0000-0000-000000000002', FALSE, NOW() - INTERVAL '30 minutes'),
('wal00004-0000-0000-0000-000000000004', 'w0000003-0000-0000-0000-000000000003', TRUE, NOW() - INTERVAL '15 minutes'),
('wal00005-0000-0000-0000-000000000005', 'w0000004-0000-0000-0000-000000000004', TRUE, NOW() - INTERVAL '5 minutes'),
('wal00006-0000-0000-0000-000000000006', 'w0000010-0000-0000-0000-000000000010', TRUE, NOW() - INTERVAL '20 minutes'),
('wal00007-0000-0000-0000-000000000007', 'w0000013-0000-0000-0000-000000000013', TRUE, NOW() - INTERVAL '8 minutes'),
('wal00008-0000-0000-0000-000000000008', 'w0000016-0000-0000-0000-000000000016', TRUE, NOW() - INTERVAL '12 minutes'),
('wal00009-0000-0000-0000-000000000009', 'w0000019-0000-0000-0000-000000000019', TRUE, NOW() - INTERVAL '25 minutes'),
('wal00010-0000-0000-0000-000000000010', 'w0000022-0000-0000-0000-000000000022', TRUE, NOW() - INTERVAL '3 minutes')
ON CONFLICT (id) DO NOTHING;

-- =========================================
-- INCOME PREDICTIONS
-- =========================================
INSERT INTO income_predictions (id, worker_id, predicted_hourly_income, time_slot) VALUES
('ip000001-0000-0000-0000-000000000001', 'w0000001-0000-0000-0000-000000000001', 125.50, 'morning'),
('ip000002-0000-0000-0000-000000000002', 'w0000001-0000-0000-0000-000000000001', 145.80, 'afternoon'),
('ip000003-0000-0000-0000-000000000003', 'w0000001-0000-0000-0000-000000000001', 168.20, 'evening'),
('ip000004-0000-0000-0000-000000000004', 'w0000004-0000-0000-0000-000000000004', 135.00, 'morning'),
('ip000005-0000-0000-0000-000000000005', 'w0000004-0000-0000-0000-000000000004', 155.50, 'afternoon'),
('ip000006-0000-0000-0000-000000000006', 'w0000004-0000-0000-0000-000000000004', 172.30, 'evening'),
('ip000007-0000-0000-0000-000000000007', 'w0000010-0000-0000-0000-000000000010', 142.00, 'morning'),
('ip000008-0000-0000-0000-000000000008', 'w0000010-0000-0000-0000-000000000010', 165.80, 'afternoon'),
('ip000009-0000-0000-0000-000000000009', 'w0000013-0000-0000-0000-000000000013', 138.50, 'morning'),
('ip000010-0000-0000-0000-000000000010', 'w0000013-0000-0000-0000-000000000013', 158.00, 'evening')
ON CONFLICT (id) DO NOTHING;

-- =========================================
-- WORKER RISK SCORES
-- =========================================
INSERT INTO worker_risk_scores (id, worker_id, overall_risk_score, fraud_risk, behavior_risk) VALUES
('wrs00001-0000-0000-0000-000000000001', 'w0000001-0000-0000-0000-000000000001', 12.50, 8.00, 15.00),
('wrs00002-0000-0000-0000-000000000002', 'w0000002-0000-0000-0000-000000000002', 8.20, 5.50, 10.90),
('wrs00003-0000-0000-0000-000000000003', 'w0000003-0000-0000-0000-000000000003', 5.80, 3.20, 8.40),
('wrs00004-0000-0000-0000-000000000004', 'w0000004-0000-0000-0000-000000000004', 18.50, 12.00, 25.00),
('wrs00005-0000-0000-0000-000000000005', 'w0000005-0000-0000-0000-000000000005', 6.90, 4.50, 9.30),
('wrs00006-0000-0000-0000-000000000006', 'w0000010-0000-0000-0000-000000000010', 22.00, 18.50, 25.50),
('wrs00007-0000-0000-0000-000000000007', 'w0000011-0000-0000-0000-000000000011', 9.80, 6.20, 13.40),
('wrs00008-0000-0000-0000-000000000008', 'w0000013-0000-0000-0000-000000000013', 14.20, 10.00, 18.40),
('wrs00009-0000-0000-0000-000000000009', 'w0000016-0000-0000-0000-000000000016', 7.50, 5.00, 10.00),
('wrs00010-0000-0000-0000-000000000010', 'w0000022-0000-0000-0000-000000000022', 16.80, 12.50, 21.10)
ON CONFLICT (id) DO NOTHING;

-- =========================================
-- ADMIN ACTIONS
-- =========================================
INSERT INTO admin_actions (id, admin_id, action_type, target_id, target_type, reason) VALUES
('aa000001-0000-0000-0000-000000000001', 'ad000001-0000-0000-0000-000000000001', 'approve_claim', 'clm00001-0000-0000-0000-000000000001', 'claim', 'Auto-approved by system'),
('aa000002-0000-0000-0000-000000000002', 'ad000003-0000-0000-0000-000000000003', 'reject_claim', 'clm00005-0000-0000-0000-000000000005', 'claim', 'Worker was active during claimed period'),
('aa000003-0000-0000-0000-000000000003', 'ad000005-0000-0000-0000-000000000005', 'approve_claim', 'clm00003-0000-0000-0000-000000000003', 'claim', 'Manual verification completed'),
('aa000004-0000-0000-0000-000000000004', 'ad000001-0000-0000-0000-000000000001', 'update_zone_risk', '44444444-4444-4444-4444-444444444444', 'zone', 'Increased risk due to monsoon'),
('aa000005-0000-0000-0000-000000000005', 'ad000002-0000-0000-0000-000000000002', 'flag_worker', 'w0000010-0000-0000-0000-000000000010', 'worker', 'High fraud score detected'),
('aa000006-0000-0000-0000-000000000006', 'ad000007-0000-0000-0000-000000000007', 'approve_claim', 'clm00004-0000-0000-0000-000000000004', 'claim', 'Verified civil unrest impact')
ON CONFLICT (id) DO NOTHING;

-- =========================================
-- AUDIT LOGS
-- =========================================
INSERT INTO audit_logs (id, user_id, user_type, action, entity_type, entity_id, old_values, new_values, metadata) VALUES
('al000001-0000-0000-0000-000000000001', 'a0000001-0000-0000-0000-000000000001', 'control_admin', 'claim_approved', 'claim', 'clm00001-0000-0000-0000-000000000001', '{"status": "pending"}', '{"status": "approved"}', '{"ip": "192.168.1.1", "source": "dashboard"}'),
('al000002-0000-0000-0000-000000000002', 'a0000003-0000-0000-0000-000000000003', 'zonal_admin', 'claim_rejected', 'claim', 'clm00005-0000-0000-0000-000000000005', '{"status": "pending"}', '{"status": "rejected"}', '{"ip": "192.168.1.5", "source": "dashboard"}'),
('al000003-0000-0000-0000-000000000003', 'w0000001-0000-0000-0000-000000000001', 'worker', 'claim_submitted', 'claim', 'clm00001-0000-0000-0000-000000000001', NULL, '{"amount": 150.00, "type": "auto"}', '{"device": "android", "app_version": "2.1.0"}'),
('al000004-0000-0000-0000-000000000004', 'a0000001-0000-0000-0000-000000000001', 'control_admin', 'zone_risk_updated', 'zone', '44444444-4444-4444-4444-444444444444', '{"risk_score": 0.35}', '{"risk_score": 0.40}', '{"reason": "monsoon_season"}'),
('al000005-0000-0000-0000-000000000005', 'a0000002-0000-0000-0000-000000000002', 'control_admin', 'payout_processed', 'payout', 'pay00001-0000-0000-0000-000000000001', '{"status": "processing"}', '{"status": "completed"}', '{"transaction_id": "TXN123456"}'),
('al000006-0000-0000-0000-000000000006', 'w0000010-0000-0000-0000-000000000010', 'worker', 'login', 'session', NULL, NULL, NULL, '{"device": "ios", "location": "Mumbai"}'),
('al000007-0000-0000-0000-000000000007', 'a0000005-0000-0000-0000-000000000005', 'zonal_admin', 'claim_approved', 'claim', 'clm00003-0000-0000-0000-000000000003', '{"status": "pending"}', '{"status": "approved"}', '{"manual_review": true}'),
('al000008-0000-0000-0000-000000000008', 'a0000001-0000-0000-0000-000000000001', 'control_admin', 'disruption_created', 'disruption', 'dis00001-0000-0000-0000-000000000001', NULL, '{"zone": "Koramangala", "type": "rainfall"}', '{"source": "weather_api"}')
ON CONFLICT (id) DO NOTHING;

-- =========================================
-- VERIFICATION QUERY
-- =========================================
SELECT 'Seed data loaded successfully!' as status;
SELECT 'Tables populated:' as info;
SELECT 'delivery_zones: ' || COUNT(*)::text FROM delivery_zones;
SELECT 'users: ' || COUNT(*)::text FROM users;
SELECT 'workers: ' || COUNT(*)::text FROM workers;
SELECT 'admins: ' || COUNT(*)::text FROM admins;
SELECT 'claims: ' || COUNT(*)::text FROM claims;
SELECT 'disruptions: ' || COUNT(*)::text FROM disruptions;
SELECT 'payouts: ' || COUNT(*)::text FROM payouts;
